date,repo,clones,unique_cloners,views,unique_visitors
2026-04-07,estevanhernandez-stack-ed/vibe-cartographer,0,0,0,0
2026-04-07,estevanhernandez-stack-ed/Vibe-Doc,0,0,0,0
2026-04-07,estevanhernandez-stack-ed/vibe-plugins,0,0,0,0
2026-04-08,estevanhernandez-stack-ed/vibe-cartographer,0,0,7,2
2026-04-08,estevanhernandez-stack-ed/Vibe-Doc,0,0,0,0
2026-04-08,estevanhernandez-stack-ed/vibe-plugins,0,0,0,0
2026-04-09,estevanhernandez-stack-ed/vibe-cartographer,0,0,0,0
2026-04-09,estevanhernandez-stack-ed/Vibe-Doc,0,0,0,0
2026-04-09,estevanhernandez-stack-ed/vibe-plugins,0,0,0,0
2026-04-10,estevanhernandez-stack-ed/vibe-cartographer,0,0,0,0
2026-04-10,estevanhernandez-stack-ed/Vibe-Doc,0,0,0,0
2026-04-10,estevanhernandez-stack-ed/vibe-plugins,0,0,0,0
2026-04-11,estevanhernandez-stack-ed/vibe-cartographer,0,0,0,0
2026-04-11,estevanhernandez-stack-ed/Vibe-Doc,0,0,0,0
2026-04-11,estevanhernandez-stack-ed/vibe-plugins,0,0,0,0
2026-04-12,estevanhernandez-stack-ed/vibe-cartographer,0,0,0,0
2026-04-12,estevanhernandez-stack-ed/Vibe-Doc,0,0,0,0
2026-04-12,estevanhernandez-stack-ed/vibe-plugins,0,0,0,0
2026-04-13,estevanhernandez-stack-ed/vibe-cartographer,0,0,0,0
2026-04-13,estevanhernandez-stack-ed/Vibe-Doc,0,0,0,0
2026-04-13,estevanhernandez-stack-ed/vibe-plugins,0,0,0,0
2026-04-14,estevanhernandez-stack-ed/vibe-cartographer,0,0,0,0
2026-04-14,estevanhernandez-stack-ed/Vibe-Doc,0,0,0,0
2026-04-14,estevanhernandez-stack-ed/vibe-plugins,0,0,0,0
2026-04-15,estevanhernandez-stack-ed/vibe-cartographer,14,14,3,1
2026-04-15,estevanhernandez-stack-ed/Vibe-Doc,171,78,1,1
2026-04-15,estevanhernandez-stack-ed/vibe-plugins,0,0,0,0
2026-04-16,estevanhernandez-stack-ed/vibe-cartographer,129,45,0,0
2026-04-16,estevanhernandez-stack-ed/Vibe-Doc,102,34,3,2
2026-04-16,estevanhernandez-stack-ed/vibe-plugins,21,18,1,1
2026-04-17,estevanhernandez-stack-ed/vibe-cartographer,189,33,3,1
2026-04-17,estevanhernandez-stack-ed/Vibe-Doc,39,13,0,0
2026-04-17,estevanhernandez-stack-ed/vibe-plugins,64,28,0,0
2026-04-18,estevanhernandez-stack-ed/vibe-cartographer,21,10,3,1
2026-04-18,estevanhernandez-stack-ed/Vibe-Doc,19,8,8,1
2026-04-18,estevanhernandez-stack-ed/vibe-plugins,290,63,17,1
2026-04-19,estevanhernandez-stack-ed/vibe-cartographer,1,1,1,1
2026-04-19,estevanhernandez-stack-ed/Vibe-Doc,1,1,0,0
2026-04-19,estevanhernandez-stack-ed/vibe-plugins,27,17,0,0
2026-04-20,estevanhernandez-stack-ed/vibe-cartographer,1,1,1,1
2026-04-20,estevanhernandez-stack-ed/Vibe-Doc,1,1,0,0
2026-04-20,estevanhernandez-stack-ed/vibe-plugins,49,23,3,1
2026-04-21,estevanhernandez-stack-ed/vibe-cartographer,3,2,0,0
2026-04-21,estevanhernandez-stack-ed/Vibe-Doc,3,3,0,0
2026-04-21,estevanhernandez-stack-ed/vibe-plugins,86,32,4,2
